,label
0,0.04651162790697677
1,0.04651162790697674
2,0.04651162790697682
3,0.04651162790697674
4,0.046511627906976806
5,0.046511627906976806
6,0.04651162790697677
7,0.04651162790697674
8,0.046511627906976806
9,0.04651162790697677
10,0.046511627906976806
11,0.04651162790697674
12,0.04651162790697674
13,0.04651162790697674
14,0.046511627906976806
15,0.046511627906976806
16,0.04651162790697682
17,0.04651162790697682
18,0.046511627906976806
19,0.046511627906976806
20,0.04651162790697681
21,0.04651162790697674
22,0.04651162790697674
23,0.04651162790697674
24,0.04651162790697674
25,0.04651162790697674
26,0.04651162790697674
27,0.04651162790697674
28,0.04651162790697674
29,0.04651162790697674
30,0.04651162790697674
31,0.04651162790697681
32,0.04651162790697674
33,0.04651162790697674
34,0.04651162790697674
35,0.04651162790697674
36,0.04651162790697674
37,0.04651162790697674
38,0.04651162790697674
39,0.04651162790697674
40,0.04651162790697674
41,0.04651162790697674
42,0.04651162790697674
43,0.04651162790697674
44,0.04651162790697674
45,0.04651162790697674
46,0.04651162790697674
47,0.04651162790697681
48,0.04651162790697674
49,0.04651162790697674
50,0.04651162790697674
51,0.04651162790697674
52,0.04651162790697674
53,0.04651162790697681
54,0.04651162790697674
55,0.04651162790697674
56,0.04651162790697674
57,0.04651162790697674
58,0.04651162790697674
59,0.04651162790697674
60,0.046511627906976806
61,0.04651162790697674
62,0.04651162790697677
63,0.04651162790697674
64,0.046511627906976806
65,0.046511627906976806
66,0.046511627906976806
67,0.04651162790697677
68,0.04651162790697677
69,0.04651162790697677
70,0.04651162790697677
71,0.04651162790697674
72,0.04651162790697677
73,0.04651162790697677
74,0.046511627906976806
75,0.046511627906976806
76,0.046511627906976806
77,0.046511627906976806
78,0.04651162790697674
79,0.04651162790697674
80,0.04651162790697681
81,0.04651162790697674
82,0.04651162790697674
83,0.04651162790697682
84,0.04651162790697682
85,0.04651162790697677
86,0.04651162790697682
87,0.04651162790697681
88,0.04651162790697681
89,0.04651162790697681
90,0.04651162790697681
91,0.04651162790697681
92,0.04651162790697681
93,0.04651162790697681
94,0.04651162790697674
95,0.04651162790697681
96,0.04651162790697674
97,0.04651162790697674
98,0.04651162790697677
99,0.04651162790697681
100,0.046511627906976806
101,0.04651162790697674
102,0.04651162790697674
103,0.04651162790697682
104,0.04651162790697681
105,0.046511627906976806
106,0.046511627906976806
107,0.04651162790697682
108,0.04651162790697677
109,0.04651162790697677
110,0.04651162790697682
111,0.04651162790697681
112,0.04651162790697677
113,0.04651162790697677
114,0.046511627906976806
115,0.046511627906976806
116,0.04651162790697677
117,0.04651162790697677
118,0.04651162790697677
119,0.04651162790697682
120,0.04651162790697682
121,0.04651162790697674
122,0.04651162790697674
123,0.04651162790697682
124,0.046511627906976806
125,0.04651162790697682
126,0.04651162790697677
127,0.046511627906976806
128,0.04651162790697674
129,0.04651162790697674
130,0.04651162790697674
131,0.04651162790697674
132,0.04651162790697674
133,0.04651162790697674
134,0.04651162790697677
135,0.046511627906976806
136,0.04651162790697681
137,0.04651162790697674
138,0.04651162790697674
139,0.04651162790697674
140,0.04651162790697674
141,0.04651162790697674
142,0.04651162790697674
143,0.04651162790697674
144,0.04651162790697681
145,0.04651162790697674
146,0.04651162790697674
147,0.04651162790697674
148,0.04651162790697674
149,0.04651162790697674
150,0.04651162790697674
151,0.04651162790697674
152,0.04651162790697674
153,0.04651162790697674
154,0.04651162790697674
155,0.04651162790697674
156,0.04651162790697674
157,0.04651162790697674
158,0.04651162790697674
159,0.04651162790697674
160,0.04651162790697674
161,0.04651162790697674
162,0.04651162790697674
163,0.04651162790697674
164,0.04651162790697674
165,0.04651162790697681
166,0.04651162790697674
167,0.04651162790697681
168,0.04651162790697674
169,0.04651162790697674
170,0.04651162790697674
171,0.04651162790697674
172,0.04651162790697674
173,0.04651162790697674
174,0.04651162790697674
175,0.04651162790697674
176,0.04651162790697674
177,0.04651162790697674
178,0.04651162790697674
179,0.04651162790697674
180,0.046511627906976806
181,0.04651162790697682
182,0.04651162790697682
183,0.046511627906976806
184,0.04651162790697682
185,0.046511627906976806
186,0.04651162790697682
187,0.04651162790697682
188,0.04651162790697682
189,0.04651162790697682
190,0.04651162790697681
191,0.04651162790697681
192,0.04651162790697682
193,0.04651162790697682
194,0.04651162790697682
195,0.04651162790697681
196,0.04651162790697682
197,0.04651162790697681
198,0.046511627906976806
199,0.046511627906976806
200,0.04651162790697674
201,0.04651162790697674
202,0.04651162790697674
203,0.04651162790697674
204,0.04651162790697674
205,0.04651162790697674
206,0.04651162790697674
207,0.04651162790697681
208,0.04651162790697674
209,0.04651162790697674
210,0.04651162790697674
211,0.04651162790697674
212,0.04651162790697674
213,0.04651162790697674
214,0.04651162790697674
215,0.04651162790697677
216,0.04651162790697681
217,0.04651162790697674
218,0.04651162790697681
219,0.04651162790697674
220,0.04651162790697674
221,0.04651162790697674
222,0.04651162790697674
223,0.04651162790697674
224,0.04651162790697681
225,0.04651162790697677
226,0.04651162790697677
227,0.04651162790697681
228,0.04651162790697674
229,0.04651162790697674
230,0.04651162790697677
231,0.04651162790697682
232,0.04651162790697677
233,0.04651162790697677
234,0.04651162790697682
235,0.04651162790697677
236,0.046511627906976806
237,0.04651162790697677
238,0.04651162790697682
239,0.04651162790697682
240,0.04651162790697674
241,0.04651162790697674
242,0.04651162790697674
243,0.04651162790697674
244,0.04651162790697674
245,0.04651162790697674
246,0.04651162790697674
247,0.046511627906976806
248,0.04651162790697674
249,0.04651162790697674
250,0.04651162790697682
251,0.04651162790697682
252,0.04651162790697682
253,0.04651162790697682
254,0.04651162790697682
255,0.04651162790697682
256,0.04651162790697681
257,0.04651162790697682
258,0.04651162790697677
259,0.046511627906976806
260,0.04651162790697674
261,0.04651162790697674
262,0.04651162790697674
263,0.04651162790697681
264,0.04651162790697674
265,0.04651162790697674
266,0.04651162790697674
267,0.04651162790697674
268,0.04651162790697674
269,0.04651162790697681
270,0.04651162790697681
271,0.04651162790697674
272,0.04651162790697674
273,0.04651162790697674
274,0.04651162790697674
275,0.04651162790697674
276,0.04651162790697674
277,0.04651162790697674
278,0.04651162790697674
279,0.04651162790697674
280,0.04651162790697674
281,0.04651162790697674
282,0.04651162790697674
283,0.04651162790697674
284,0.04651162790697674
285,0.04651162790697674
286,0.04651162790697674
287,0.04651162790697681
288,0.04651162790697674
289,0.04651162790697674
290,0.04651162790697674
291,0.04651162790697674
292,0.04651162790697674
293,0.04651162790697674
294,0.04651162790697674
295,0.04651162790697674
296,0.04651162790697681
297,0.04651162790697681
298,0.04651162790697681
299,0.04651162790697674
300,0.04651162790697681
301,0.04651162790697674
302,0.04651162790697674
303,0.04651162790697674
304,0.04651162790697677
305,0.04651162790697674
306,0.04651162790697677
307,0.04651162790697674
308,0.04651162790697674
309,0.04651162790697682
310,0.04651162790697674
311,0.04651162790697674
312,0.04651162790697674
313,0.04651162790697682
314,0.04651162790697682
315,0.04651162790697682
316,0.04651162790697682
317,0.04651162790697682
318,0.04651162790697682
319,0.04651162790697681
320,0.04651162790697679
321,0.04651162790697679
322,0.04651162790697679
323,0.04651162790697679
324,0.04651162790697679
325,0.04651162790697679
326,0.04651162790697679
327,0.04651162790697679
328,0.04651162790697679
329,0.04651162790697679
330,0.04651162790697679
331,0.04651162790697679
332,0.04651162790697679
333,0.04651162790697679
334,0.04651162790697679
335,0.04651162790697679
336,0.04651162790697679
337,0.04651162790697679
338,0.04651162790697679
339,0.04651162790697679
340,0.046511627906976806
341,0.046511627906976806
342,0.046511627906976806
343,0.046511627906976806
344,0.04651162790697681
345,0.046511627906976806
346,0.04651162790697674
347,0.046511627906976806
348,0.04651162790697677
349,0.04651162790697677
350,0.04651162790697677
351,0.046511627906976806
352,0.04651162790697677
353,0.04651162790697674
354,0.04651162790697677
355,0.04651162790697674
356,0.046511627906976806
357,0.04651162790697677
358,0.04651162790697682
359,0.04651162790697682
360,0.046511627906976806
361,0.04651162790697674
362,0.04651162790697674
363,0.046511627906976806
364,0.046511627906976806
365,0.046511627906976806
366,0.04651162790697677
367,0.04651162790697674
368,0.04651162790697674
369,0.04651162790697674
370,0.04651162790697677
371,0.04651162790697674
372,0.04651162790697677
373,0.04651162790697674
374,0.04651162790697674
375,0.04651162790697677
376,0.04651162790697677
377,0.04651162790697677
378,0.046511627906976806
379,0.04651162790697682
380,0.04651162790697674
381,0.04651162790697674
382,0.04651162790697674
383,0.04651162790697674
384,0.046511627906976806
385,0.04651162790697674
386,0.04651162790697674
387,0.046511627906976806
388,0.04651162790697682
389,0.04651162790697677
390,0.04651162790697674
391,0.04651162790697677
392,0.04651162790697682
393,0.046511627906976806
394,0.04651162790697682
395,0.04651162790697677
396,0.04651162790697681
397,0.04651162790697677
398,0.04651162790697677
399,0.04651162790697677
400,0.04651162790697681
401,0.04651162790697674
402,0.04651162790697681
403,0.04651162790697674
404,0.04651162790697678
405,0.04651162790697681
406,0.04651162790697681
407,0.04651162790697681
408,0.04651162790697674
409,0.04651162790697681
410,0.04651162790697681
411,0.04651162790697674
412,0.04651162790697674
413,0.04651162790697674
414,0.04651162790697674
415,0.04651162790697681
416,0.04651162790697674
417,0.04651162790697674
418,0.04651162790697674
419,0.04651162790697681
420,0.04651162790697682
421,0.04651162790697678
422,0.04651162790697682
423,0.04651162790697682
424,0.04651162790697682
425,0.046511627906976806
426,0.04651162790697682
427,0.046511627906976806
428,0.046511627906976806
429,0.04651162790697682
430,0.04651162790697681
431,0.046511627906976806
432,0.04651162790697682
433,0.04651162790697682
434,0.04651162790697682
435,0.04651162790697682
436,0.04651162790697681
437,0.04651162790697681
438,0.04651162790697681
439,0.04651162790697682
440,0.04651162790697674
441,0.04651162790697674
442,0.04651162790697674
443,0.04651162790697674
444,0.04651162790697674
445,0.04651162790697674
446,0.04651162790697674
447,0.04651162790697677
448,0.04651162790697681
449,0.04651162790697674
450,0.04651162790697677
451,0.04651162790697674
452,0.04651162790697674
453,0.04651162790697674
454,0.04651162790697674
455,0.04651162790697674
456,0.04651162790697674
457,0.04651162790697674
458,0.04651162790697674
459,0.04651162790697674
460,0.04651162790697674
461,0.04651162790697674
462,0.04651162790697674
463,0.04651162790697674
464,0.04651162790697674
465,0.04651162790697674
466,0.04651162790697674
467,0.04651162790697674
468,0.04651162790697674
469,0.04651162790697674
470,0.04651162790697674
471,0.04651162790697674
472,0.04651162790697674
473,0.04651162790697674
474,0.04651162790697674
475,0.04651162790697674
476,0.04651162790697674
477,0.04651162790697674
478,0.04651162790697674
479,0.04651162790697674
480,0.04651162790697674
481,0.04651162790697674
482,0.04651162790697674
483,0.04651162790697674
484,0.04651162790697674
485,0.04651162790697674
486,0.04651162790697674
487,0.04651162790697674
488,0.04651162790697674
489,0.04651162790697674
490,0.04651162790697682
491,0.04651162790697674
492,0.04651162790697674
493,0.04651162790697674
494,0.04651162790697674
495,0.04651162790697674
496,0.04651162790697674
497,0.04651162790697674
498,0.04651162790697674
499,0.04651162790697674
500,0.04651162790697674
501,0.04651162790697674
502,0.04651162790697674
503,0.04651162790697674
504,0.04651162790697674
505,0.04651162790697674
506,0.04651162790697674
507,0.04651162790697674
508,0.04651162790697674
509,0.04651162790697674
510,0.04651162790697674
511,0.04651162790697681
512,0.04651162790697674
513,0.04651162790697674
514,0.04651162790697674
515,0.04651162790697674
516,0.04651162790697681
517,0.04651162790697681
518,0.04651162790697681
519,0.04651162790697682
520,0.046511627906976806
521,0.04651162790697681
522,0.046511627906976806
523,0.04651162790697681
524,0.04651162790697681
525,0.04651162790697681
526,0.04651162790697682
527,0.046511627906976806
528,0.04651162790697681
529,0.046511627906976806
530,0.04651162790697681
531,0.04651162790697681
532,0.04651162790697681
533,0.04651162790697681
534,0.04651162790697681
535,0.04651162790697681
536,0.04651162790697681
537,0.04651162790697681
538,0.04651162790697681
539,0.04651162790697681
540,0.046511627906976806
541,0.04651162790697677
542,0.04651162790697677
543,0.04651162790697677
544,0.04651162790697677
545,0.04651162790697677
546,0.04651162790697682
547,0.04651162790697682
548,0.04651162790697682
549,0.04651162790697681
550,0.04651162790697682
551,0.046511627906976806
552,0.04651162790697682
553,0.04651162790697682
554,0.04651162790697682
555,0.04651162790697681
556,0.046511627906976806
557,0.04651162790697682
558,0.04651162790697682
559,0.04651162790697681
560,0.04651162790697681
561,0.04651162790697677
562,0.04651162790697677
563,0.046511627906976806
564,0.04651162790697674
565,0.046511627906976806
566,0.046511627906976806
567,0.04651162790697681
568,0.04651162790697677
569,0.046511627906976806
570,0.04651162790697682
571,0.04651162790697674
572,0.04651162790697677
573,0.046511627906976806
574,0.04651162790697682
575,0.04651162790697681
576,0.046511627906976806
577,0.046511627906976806
578,0.04651162790697677
579,0.046511627906976806
580,0.04651162790697681
581,0.04651162790697681
582,0.04651162790697681
583,0.04651162790697681
584,0.046511627906976806
585,0.04651162790697681
586,0.04651162790697674
587,0.04651162790697674
588,0.04651162790697681
589,0.046511627906976806
590,0.04651162790697681
591,0.04651162790697681
592,0.04651162790697674
593,0.04651162790697681
594,0.04651162790697681
595,0.04651162790697674
596,0.04651162790697681
597,0.04651162790697674
598,0.04651162790697674
599,0.04651162790697681
600,0.04651162790697674
601,0.04651162790697674
602,0.04651162790697674
603,0.04651162790697674
604,0.04651162790697674
605,0.04651162790697674
606,0.04651162790697681
607,0.04651162790697674
608,0.04651162790697681
609,0.04651162790697674
610,0.04651162790697674
611,0.04651162790697674
612,0.04651162790697674
613,0.04651162790697674
614,0.04651162790697674
615,0.04651162790697674
616,0.04651162790697674
617,0.04651162790697674
618,0.04651162790697674
619,0.04651162790697674
620,0.04651162790697678
621,0.046511627906976806
622,0.046511627906976806
623,0.046511627906976806
624,0.04651162790697678
625,0.046511627906976806
626,0.046511627906976806
627,0.046511627906976806
628,0.046511627906976806
629,0.04651162790697681
630,0.04651162790697678
631,0.046511627906976806
632,0.04651162790697681
633,0.04651162790697681
634,0.04651162790697674
635,0.046511627906976806
636,0.046511627906976806
637,0.04651162790697674
638,0.046511627906976806
639,0.04651162790697674
640,0.04651162790697674
641,0.04651162790697674
642,0.04651162790697674
643,0.04651162790697674
644,0.04651162790697674
645,0.04651162790697674
646,0.04651162790697674
647,0.04651162790697674
648,0.04651162790697674
649,0.04651162790697674
650,0.04651162790697674
651,0.04651162790697674
652,0.04651162790697674
653,0.04651162790697674
654,0.04651162790697674
655,0.04651162790697674
656,0.04651162790697674
657,0.04651162790697674
658,0.04651162790697674
659,0.04651162790697674
660,0.04651162790697674
661,0.04651162790697674
662,0.04651162790697674
663,0.04651162790697674
664,0.04651162790697674
665,0.04651162790697674
666,0.04651162790697674
667,0.04651162790697674
668,0.04651162790697674
669,0.04651162790697674
670,0.04651162790697674
671,0.04651162790697674
672,0.04651162790697674
673,0.04651162790697674
674,0.04651162790697674
675,0.04651162790697674
676,0.04651162790697674
677,0.04651162790697674
678,0.04651162790697674
679,0.04651162790697674
680,0.04651162790697681
681,0.04651162790697674
682,0.04651162790697674
683,0.04651162790697682
684,0.046511627906976806
685,0.04651162790697674
686,0.04651162790697681
687,0.04651162790697681
688,0.04651162790697674
689,0.04651162790697674
690,0.04651162790697674
691,0.04651162790697677
692,0.04651162790697674
693,0.04651162790697674
694,0.04651162790697674
695,0.04651162790697674
696,0.04651162790697681
697,0.04651162790697674
698,0.04651162790697674
699,0.04651162790697674
700,0.04651162790697681
701,0.04651162790697674
702,0.04651162790697674
703,0.04651162790697674
704,0.04651162790697674
705,0.04651162790697674
706,0.04651162790697674
707,0.04651162790697674
708,0.04651162790697674
709,0.04651162790697674
710,0.04651162790697674
711,0.04651162790697674
712,0.04651162790697674
713,0.04651162790697674
714,0.04651162790697674
715,0.04651162790697674
716,0.04651162790697674
717,0.04651162790697674
718,0.04651162790697677
719,0.04651162790697677
720,0.04651162790697674
721,0.04651162790697674
722,0.04651162790697674
723,0.04651162790697674
724,0.04651162790697674
725,0.04651162790697674
726,0.04651162790697674
727,0.04651162790697674
728,0.04651162790697674
729,0.04651162790697674
730,0.04651162790697674
731,0.04651162790697674
732,0.04651162790697674
733,0.04651162790697674
734,0.04651162790697674
735,0.04651162790697674
736,0.04651162790697674
737,0.04651162790697674
738,0.04651162790697674
739,0.04651162790697674
740,0.046511627906976806
741,0.046511627906976806
742,0.04651162790697682
743,0.046511627906976806
744,0.046511627906976806
745,0.046511627906976806
746,0.04651162790697677
747,0.046511627906976806
748,0.04651162790697682
749,0.04651162790697682
750,0.046511627906976806
751,0.046511627906976806
752,0.04651162790697677
753,0.04651162790697682
754,0.04651162790697677
755,0.046511627906976806
756,0.046511627906976806
757,0.04651162790697682
758,0.046511627906976806
759,0.046511627906976806
760,0.04651162790697682
761,0.04651162790697674
762,0.046511627906976806
763,0.046511627906976806
764,0.04651162790697681
765,0.046511627906976806
766,0.046511627906976806
767,0.046511627906976806
768,0.04651162790697681
769,0.046511627906976806
770,0.046511627906976806
771,0.04651162790697674
772,0.04651162790697681
773,0.046511627906976806
774,0.04651162790697677
775,0.04651162790697677
776,0.046511627906976806
777,0.04651162790697677
778,0.046511627906976806
779,0.04651162790697678
780,0.04651162790697674
781,0.04651162790697674
782,0.04651162790697674
783,0.04651162790697674
784,0.04651162790697677
785,0.04651162790697674
786,0.046511627906976806
787,0.04651162790697681
788,0.04651162790697674
789,0.04651162790697674
790,0.04651162790697674
791,0.04651162790697674
792,0.04651162790697677
793,0.04651162790697674
794,0.04651162790697677
795,0.04651162790697674
796,0.04651162790697674
797,0.04651162790697674
798,0.04651162790697677
799,0.04651162790697674
800,0.04651162790697681
801,0.04651162790697682
802,0.04651162790697682
803,0.04651162790697682
804,0.04651162790697682
805,0.04651162790697682
806,0.04651162790697682
807,0.04651162790697682
808,0.04651162790697682
809,0.04651162790697682
810,0.04651162790697681
811,0.04651162790697682
812,0.04651162790697682
813,0.04651162790697682
814,0.04651162790697674
815,0.04651162790697682
816,0.04651162790697674
817,0.04651162790697674
818,0.04651162790697674
819,0.04651162790697681
820,0.04651162790697674
821,0.04651162790697674
822,0.04651162790697674
823,0.04651162790697674
824,0.04651162790697674
825,0.04651162790697674
826,0.04651162790697674
827,0.04651162790697674
828,0.04651162790697674
829,0.04651162790697674
830,0.04651162790697674
831,0.04651162790697674
832,0.04651162790697674
833,0.04651162790697674
834,0.04651162790697674
835,0.04651162790697674
836,0.04651162790697674
837,0.04651162790697674
838,0.04651162790697674
839,0.04651162790697674
840,0.04651162790697681
841,0.04651162790697681
842,0.04651162790697681
843,0.04651162790697681
844,0.046511627906976806
845,0.04651162790697681
846,0.04651162790697681
847,0.04651162790697681
848,0.04651162790697681
849,0.04651162790697681
850,0.04651162790697681
851,0.046511627906976806
852,0.046511627906976806
853,0.046511627906976806
854,0.04651162790697681
855,0.04651162790697681
856,0.04651162790697681
857,0.04651162790697681
858,0.04651162790697681
859,0.046511627906976806
860,0.04651162790697681
861,0.04651162790697681
862,0.04651162790697681
863,0.04651162790697674
864,0.04651162790697681
865,0.04651162790697681
866,0.04651162790697681
867,0.04651162790697681
868,0.04651162790697681
869,0.04651162790697674
870,0.04651162790697681
871,0.04651162790697681
872,0.04651162790697674
873,0.04651162790697674
874,0.04651162790697681
875,0.04651162790697681
876,0.04651162790697681
877,0.04651162790697681
878,0.04651162790697674
879,0.04651162790697681
880,0.04651162790697674
881,0.04651162790697674
882,0.04651162790697674
883,0.04651162790697674
884,0.04651162790697674
885,0.04651162790697674
886,0.04651162790697674
887,0.04651162790697676
888,0.04651162790697676
889,0.04651162790697674
890,0.04651162790697674
891,0.04651162790697674
892,0.04651162790697674
893,0.04651162790697674
894,0.04651162790697674
895,0.04651162790697674
896,0.04651162790697674
897,0.04651162790697674
898,0.04651162790697674
899,0.04651162790697674
900,0.04651162790697674
901,0.04651162790697674
902,0.04651162790697674
903,0.04651162790697674
904,0.04651162790697674
905,0.04651162790697674
906,0.04651162790697674
907,0.04651162790697674
908,0.04651162790697674
909,0.04651162790697674
910,0.04651162790697674
911,0.04651162790697674
912,0.04651162790697674
913,0.04651162790697674
914,0.04651162790697674
915,0.04651162790697674
916,0.04651162790697674
917,0.04651162790697674
918,0.04651162790697674
919,0.04651162790697674
920,0.04651162790697681
921,0.04651162790697674
922,0.04651162790697681
923,0.04651162790697674
924,0.04651162790697674
925,0.04651162790697674
926,0.04651162790697674
927,0.04651162790697674
928,0.04651162790697674
929,0.04651162790697674
930,0.04651162790697674
931,0.04651162790697674
932,0.04651162790697674
933,0.04651162790697674
934,0.04651162790697674
935,0.04651162790697674
936,0.04651162790697674
937,0.04651162790697674
938,0.04651162790697674
939,0.04651162790697674
940,0.04651162790697674
941,0.04651162790697674
942,0.04651162790697674
943,0.04651162790697674
944,0.04651162790697674
945,0.04651162790697681
946,0.04651162790697674
947,0.04651162790697681
948,0.04651162790697674
949,0.04651162790697674
950,0.04651162790697674
951,0.04651162790697674
952,0.04651162790697674
953,0.04651162790697674
954,0.04651162790697674
955,0.04651162790697674
956,0.04651162790697674
957,0.04651162790697674
958,0.04651162790697674
959,0.04651162790697674
960,0.04651162790697677
961,0.04651162790697674
962,0.04651162790697674
963,0.046511627906976806
964,0.046511627906976806
965,0.046511627906976806
966,0.046511627906976806
967,0.04651162790697677
968,0.046511627906976806
969,0.046511627906976806
970,0.046511627906976806
971,0.04651162790697677
972,0.04651162790697674
973,0.046511627906976806
974,0.04651162790697677
975,0.04651162790697674
976,0.04651162790697674
977,0.04651162790697677
978,0.04651162790697674
979,0.04651162790697677
980,0.04651162790697674
981,0.04651162790697674
982,0.04651162790697674
983,0.04651162790697674
984,0.04651162790697674
985,0.04651162790697674
986,0.04651162790697674
987,0.04651162790697674
988,0.04651162790697674
989,0.04651162790697674
990,0.04651162790697674
991,0.04651162790697674
992,0.04651162790697674
993,0.04651162790697674
994,0.04651162790697674
995,0.04651162790697674
996,0.04651162790697674
997,0.04651162790697681
998,0.04651162790697674
999,0.04651162790697681
1000,0.046511627906976806
1001,0.04651162790697682
1002,0.046511627906976806
1003,0.04651162790697674
1004,0.04651162790697677
1005,0.046511627906976806
1006,0.046511627906976806
1007,0.046511627906976806
1008,0.046511627906976806
1009,0.04651162790697677
1010,0.04651162790697677
1011,0.046511627906976806
1012,0.04651162790697674
1013,0.04651162790697677
1014,0.04651162790697677
1015,0.04651162790697674
1016,0.04651162790697682
1017,0.046511627906976806
1018,0.04651162790697677
1019,0.04651162790697677
1020,0.04651162790697681
1021,0.04651162790697677
1022,0.04651162790697677
1023,0.04651162790697681
1024,0.04651162790697674
1025,0.04651162790697677
1026,0.04651162790697682
1027,0.04651162790697682
1028,0.04651162790697682
1029,0.04651162790697674
1030,0.04651162790697681
1031,0.04651162790697682
1032,0.04651162790697674
1033,0.04651162790697681
1034,0.04651162790697674
1035,0.04651162790697674
1036,0.04651162790697677
1037,0.04651162790697674
1038,0.04651162790697674
1039,0.04651162790697674
1040,0.04651162790697681
1041,0.04651162790697674
1042,0.04651162790697674
1043,0.04651162790697674
1044,0.04651162790697674
1045,0.04651162790697674
1046,0.04651162790697674
1047,0.04651162790697674
1048,0.04651162790697674
1049,0.04651162790697674
1050,0.04651162790697674
1051,0.04651162790697674
1052,0.04651162790697674
1053,0.04651162790697674
1054,0.04651162790697674
1055,0.04651162790697674
1056,0.04651162790697674
1057,0.04651162790697674
1058,0.04651162790697674
1059,0.04651162790697674
1060,0.04651162790697681
1061,0.04651162790697682
1062,0.046511627906976806
1063,0.04651162790697674
1064,0.04651162790697677
1065,0.04651162790697674
1066,0.04651162790697674
1067,0.04651162790697674
1068,0.04651162790697674
1069,0.04651162790697677
1070,0.04651162790697681
1071,0.04651162790697674
1072,0.04651162790697674
1073,0.04651162790697674
1074,0.04651162790697674
1075,0.04651162790697674
1076,0.04651162790697674
1077,0.04651162790697677
1078,0.04651162790697674
1079,0.04651162790697674
1080,0.04651162790697682
1081,0.04651162790697681
1082,0.04651162790697681
1083,0.046511627906976806
1084,0.046511627906976806
1085,0.046511627906976806
1086,0.04651162790697681
1087,0.046511627906976806
1088,0.04651162790697682
1089,0.04651162790697681
1090,0.04651162790697682
1091,0.046511627906976806
1092,0.046511627906976806
1093,0.046511627906976806
1094,0.046511627906976806
1095,0.046511627906976806
1096,0.046511627906976806
1097,0.046511627906976806
1098,0.046511627906976806
1099,0.046511627906976806
1100,0.04651162790697674
1101,0.046511627906976806
1102,0.046511627906976806
1103,0.04651162790697676
1104,0.04651162790697676
1105,0.04651162790697676
1106,0.04651162790697676
1107,0.04651162790697676
1108,0.04651162790697676
1109,0.046511627906976806
1110,0.04651162790697676
1111,0.04651162790697681
1112,0.04651162790697676
1113,0.04651162790697681
1114,0.046511627906976806
1115,0.04651162790697676
1116,0.04651162790697676
1117,0.04651162790697676
1118,0.04651162790697674
1119,0.04651162790697676
1120,0.04651162790697674
1121,0.04651162790697676
1122,0.04651162790697676
1123,0.04651162790697676
1124,0.04651162790697676
1125,0.04651162790697676
1126,0.04651162790697676
1127,0.04651162790697676
1128,0.04651162790697676
1129,0.046511627906976806
1130,0.04651162790697676
1131,0.04651162790697676
1132,0.04651162790697676
1133,0.04651162790697681
1134,0.04651162790697676
1135,0.04651162790697676
1136,0.04651162790697676
1137,0.04651162790697676
1138,0.04651162790697674
1139,0.046511627906976806
1140,0.04651162790697681
1141,0.04651162790697674
1142,0.04651162790697674
1143,0.04651162790697677
1144,0.04651162790697681
1145,0.04651162790697674
1146,0.04651162790697674
1147,0.04651162790697674
1148,0.04651162790697674
1149,0.04651162790697674
1150,0.04651162790697682
1151,0.04651162790697681
1152,0.04651162790697674
1153,0.04651162790697682
1154,0.04651162790697682
1155,0.046511627906976806
1156,0.04651162790697682
1157,0.04651162790697677
1158,0.04651162790697682
1159,0.04651162790697682
1160,0.04651162790697681
1161,0.04651162790697681
1162,0.04651162790697681
1163,0.04651162790697681
1164,0.04651162790697681
1165,0.04651162790697681
1166,0.04651162790697681
1167,0.04651162790697681
1168,0.04651162790697681
1169,0.04651162790697681
1170,0.04651162790697681
1171,0.04651162790697681
1172,0.04651162790697681
1173,0.04651162790697681
1174,0.04651162790697681
1175,0.04651162790697681
1176,0.04651162790697681
1177,0.04651162790697681
1178,0.04651162790697681
1179,0.04651162790697681
1180,0.04651162790697682
1181,0.04651162790697677
1182,0.04651162790697682
1183,0.04651162790697677
1184,0.04651162790697677
1185,0.04651162790697674
1186,0.04651162790697674
1187,0.04651162790697682
1188,0.04651162790697677
1189,0.04651162790697681
1190,0.04651162790697677
1191,0.04651162790697674
1192,0.04651162790697674
1193,0.04651162790697674
1194,0.04651162790697674
1195,0.04651162790697677
1196,0.04651162790697674
1197,0.04651162790697674
1198,0.04651162790697674
1199,0.04651162790697674
1200,0.04651162790697681
1201,0.04651162790697674
1202,0.04651162790697674
1203,0.04651162790697674
1204,0.04651162790697674
1205,0.04651162790697674
1206,0.04651162790697674
1207,0.04651162790697674
1208,0.04651162790697674
1209,0.04651162790697674
1210,0.04651162790697674
1211,0.04651162790697674
1212,0.04651162790697674
1213,0.04651162790697674
1214,0.04651162790697674
1215,0.04651162790697674
1216,0.04651162790697681
1217,0.04651162790697674
1218,0.04651162790697674
1219,0.04651162790697674
1220,0.04651162790697674
1221,0.04651162790697674
1222,0.04651162790697674
1223,0.04651162790697674
1224,0.04651162790697674
1225,0.04651162790697674
1226,0.04651162790697674
1227,0.04651162790697674
1228,0.04651162790697674
1229,0.04651162790697674
1230,0.04651162790697674
1231,0.04651162790697674
1232,0.04651162790697674
1233,0.04651162790697674
1234,0.04651162790697674
1235,0.04651162790697674
1236,0.04651162790697674
1237,0.04651162790697674
1238,0.04651162790697674
1239,0.04651162790697674
1240,0.04651162790697681
1241,0.046511627906976806
1242,0.04651162790697674
1243,0.04651162790697677
1244,0.04651162790697681
1245,0.04651162790697677
1246,0.04651162790697677
1247,0.04651162790697681
1248,0.04651162790697677
1249,0.04651162790697677
1250,0.04651162790697677
1251,0.04651162790697674
1252,0.04651162790697674
1253,0.04651162790697682
1254,0.04651162790697682
1255,0.04651162790697681
1256,0.04651162790697682
1257,0.04651162790697682
1258,0.04651162790697682
1259,0.04651162790697682
1260,0.04651162790697681
1261,0.04651162790697682
1262,0.04651162790697677
1263,0.04651162790697682
1264,0.04651162790697677
1265,0.04651162790697674
1266,0.04651162790697674
1267,0.04651162790697674
1268,0.04651162790697674
1269,0.04651162790697677
1270,0.04651162790697681
1271,0.04651162790697674
1272,0.04651162790697674
1273,0.04651162790697674
1274,0.04651162790697674
1275,0.04651162790697674
1276,0.04651162790697674
1277,0.04651162790697677
1278,0.04651162790697674
1279,0.04651162790697674
1280,0.04651162790697674
1281,0.04651162790697674
1282,0.04651162790697674
1283,0.04651162790697674
1284,0.04651162790697674
1285,0.04651162790697674
1286,0.04651162790697674
1287,0.04651162790697674
1288,0.04651162790697674
1289,0.04651162790697674
1290,0.04651162790697674
1291,0.04651162790697674
1292,0.04651162790697674
1293,0.04651162790697674
1294,0.04651162790697674
1295,0.04651162790697674
1296,0.04651162790697674
1297,0.04651162790697674
1298,0.04651162790697674
1299,0.04651162790697674
1300,0.04651162790697682
1301,0.04651162790697677
1302,0.04651162790697674
1303,0.04651162790697674
1304,0.04651162790697682
1305,0.04651162790697682
1306,0.04651162790697681
1307,0.04651162790697677
1308,0.04651162790697674
1309,0.04651162790697681
1310,0.04651162790697682
1311,0.04651162790697677
1312,0.046511627906976806
1313,0.04651162790697681
1314,0.04651162790697674
1315,0.04651162790697674
1316,0.04651162790697682
1317,0.04651162790697682
1318,0.046511627906976806
1319,0.04651162790697681
1320,0.04651162790697681
1321,0.04651162790697682
1322,0.04651162790697682
1323,0.04651162790697682
1324,0.04651162790697681
1325,0.04651162790697677
1326,0.04651162790697674
1327,0.04651162790697674
1328,0.04651162790697674
1329,0.04651162790697674
1330,0.04651162790697677
1331,0.04651162790697681
1332,0.04651162790697674
1333,0.04651162790697681
1334,0.04651162790697674
1335,0.04651162790697674
1336,0.04651162790697674
1337,0.04651162790697674
1338,0.04651162790697674
1339,0.04651162790697674
1340,0.04651162790697674
1341,0.04651162790697674
1342,0.04651162790697674
1343,0.04651162790697674
1344,0.04651162790697674
1345,0.04651162790697674
1346,0.04651162790697674
1347,0.04651162790697674
1348,0.04651162790697674
1349,0.04651162790697674
1350,0.04651162790697674
1351,0.04651162790697674
1352,0.04651162790697674
1353,0.04651162790697674
1354,0.04651162790697674
1355,0.04651162790697674
1356,0.04651162790697674
1357,0.04651162790697674
1358,0.04651162790697674
1359,0.04651162790697674
1360,0.04651162790697674
1361,0.04651162790697674
1362,0.04651162790697674
1363,0.04651162790697674
1364,0.04651162790697674
1365,0.04651162790697681
1366,0.04651162790697674
1367,0.04651162790697674
1368,0.04651162790697674
1369,0.04651162790697681
1370,0.04651162790697674
1371,0.04651162790697674
1372,0.04651162790697677
1373,0.04651162790697674
1374,0.04651162790697681
1375,0.04651162790697681
1376,0.04651162790697681
1377,0.04651162790697674
1378,0.04651162790697674
1379,0.04651162790697674
1380,0.04651162790697674
1381,0.04651162790697674
1382,0.04651162790697674
1383,0.04651162790697674
1384,0.04651162790697674
1385,0.04651162790697674
1386,0.04651162790697674
1387,0.04651162790697674
1388,0.04651162790697674
1389,0.04651162790697681
1390,0.04651162790697674
1391,0.04651162790697674
1392,0.04651162790697674
1393,0.04651162790697674
1394,0.04651162790697674
1395,0.04651162790697674
1396,0.04651162790697674
1397,0.04651162790697674
1398,0.04651162790697674
1399,0.04651162790697674
1400,0.046511627906976806
1401,0.046511627906976806
1402,0.04651162790697678
1403,0.046511627906976806
1404,0.046511627906976806
1405,0.046511627906976806
1406,0.04651162790697682
1407,0.046511627906976806
1408,0.046511627906976806
1409,0.04651162790697678
1410,0.046511627906976806
1411,0.04651162790697681
1412,0.04651162790697682
1413,0.046511627906976806
1414,0.04651162790697682
1415,0.046511627906976806
1416,0.046511627906976806
1417,0.046511627906976806
1418,0.046511627906976806
1419,0.046511627906976806
1420,0.04651162790697682
1421,0.04651162790697681
1422,0.04651162790697681
1423,0.04651162790697681
1424,0.046511627906976806
1425,0.04651162790697677
1426,0.04651162790697677
1427,0.04651162790697677
1428,0.04651162790697674
1429,0.04651162790697677
1430,0.04651162790697674
1431,0.04651162790697681
1432,0.04651162790697674
1433,0.04651162790697674
1434,0.04651162790697677
1435,0.04651162790697681
1436,0.046511627906976806
1437,0.04651162790697677
1438,0.04651162790697681
1439,0.04651162790697674
1440,0.04651162790697674
1441,0.04651162790697674
1442,0.04651162790697674
1443,0.04651162790697674
1444,0.04651162790697674
1445,0.046511627906976806
1446,0.04651162790697674
1447,0.04651162790697681
1448,0.04651162790697674
1449,0.04651162790697674
1450,0.04651162790697674
1451,0.04651162790697674
1452,0.04651162790697674
1453,0.04651162790697674
1454,0.04651162790697674
1455,0.04651162790697674
1456,0.04651162790697674
1457,0.04651162790697681
1458,0.04651162790697674
1459,0.04651162790697674
1460,0.04651162790697674
1461,0.04651162790697674
1462,0.04651162790697677
1463,0.04651162790697674
1464,0.04651162790697674
1465,0.04651162790697674
1466,0.04651162790697674
1467,0.04651162790697682
1468,0.04651162790697677
1469,0.04651162790697677
1470,0.04651162790697677
1471,0.04651162790697674
1472,0.04651162790697681
1473,0.04651162790697674
1474,0.04651162790697681
1475,0.04651162790697681
1476,0.04651162790697677
1477,0.04651162790697674
1478,0.04651162790697682
1479,0.04651162790697674
1480,0.04651162790697682
1481,0.04651162790697682
1482,0.04651162790697681
1483,0.04651162790697682
1484,0.04651162790697677
1485,0.04651162790697674
1486,0.046511627906976806
1487,0.04651162790697681
1488,0.04651162790697674
1489,0.04651162790697677
1490,0.04651162790697677
1491,0.04651162790697674
1492,0.04651162790697674
1493,0.04651162790697681
1494,0.04651162790697674
1495,0.04651162790697674
1496,0.04651162790697674
1497,0.04651162790697674
1498,0.04651162790697677
1499,0.04651162790697674
1500,0.04651162790697674
1501,0.04651162790697674
1502,0.04651162790697674
1503,0.04651162790697674
1504,0.04651162790697674
1505,0.04651162790697681
1506,0.04651162790697674
1507,0.04651162790697674
1508,0.04651162790697674
1509,0.04651162790697674
1510,0.04651162790697674
1511,0.04651162790697674
1512,0.04651162790697674
1513,0.04651162790697674
1514,0.04651162790697674
1515,0.04651162790697674
1516,0.04651162790697674
1517,0.04651162790697674
1518,0.04651162790697674
1519,0.04651162790697674
1520,0.04651162790697681
1521,0.04651162790697674
1522,0.04651162790697674
1523,0.04651162790697674
1524,0.04651162790697674
1525,0.04651162790697674
1526,0.04651162790697674
1527,0.04651162790697674
1528,0.04651162790697674
1529,0.04651162790697674
1530,0.04651162790697674
1531,0.04651162790697681
1532,0.04651162790697674
1533,0.04651162790697674
1534,0.04651162790697674
1535,0.04651162790697674
1536,0.04651162790697674
1537,0.04651162790697674
1538,0.04651162790697674
1539,0.04651162790697674
1540,0.04651162790697674
1541,0.04651162790697674
1542,0.04651162790697674
1543,0.04651162790697674
1544,0.04651162790697674
1545,0.04651162790697674
1546,0.04651162790697681
1547,0.04651162790697674
1548,0.04651162790697681
1549,0.04651162790697674
1550,0.04651162790697674
1551,0.04651162790697674
1552,0.04651162790697674
1553,0.04651162790697681
1554,0.04651162790697674
1555,0.04651162790697674
1556,0.04651162790697681
1557,0.04651162790697681
1558,0.04651162790697681
1559,0.04651162790697674
1560,0.04651162790697674
1561,0.04651162790697674
1562,0.04651162790697674
1563,0.04651162790697674
1564,0.04651162790697674
1565,0.04651162790697674
1566,0.04651162790697674
1567,0.04651162790697674
1568,0.04651162790697674
1569,0.04651162790697674
1570,0.04651162790697674
1571,0.04651162790697674
1572,0.04651162790697674
1573,0.04651162790697674
1574,0.04651162790697674
1575,0.04651162790697674
1576,0.04651162790697682
1577,0.04651162790697682
1578,0.04651162790697681
1579,0.04651162790697674
1580,0.04651162790697681
1581,0.0465116279069768
1582,0.0465116279069768
1583,0.0465116279069768
1584,0.0465116279069768
1585,0.04651162790697674
1586,0.0465116279069768
1587,0.04651162790697674
1588,0.0465116279069768
1589,0.0465116279069768
1590,0.046511627906976806
1591,0.0465116279069768
1592,0.0465116279069768
1593,0.04651162790697681
1594,0.04651162790697674
1595,0.0465116279069768
1596,0.0465116279069768
1597,0.0465116279069768
1598,0.04651162790697674
1599,0.046511627906976806
1600,0.04651162790697674
1601,0.04651162790697682
1602,0.04651162790697674
1603,0.04651162790697677
1604,0.04651162790697677
1605,0.04651162790697682
1606,0.04651162790697681
1607,0.04651162790697677
1608,0.046511627906976806
1609,0.04651162790697677
1610,0.04651162790697682
1611,0.04651162790697681
1612,0.04651162790697677
1613,0.04651162790697681
1614,0.04651162790697681
1615,0.04651162790697677
1616,0.04651162790697677
1617,0.04651162790697677
1618,0.04651162790697677
1619,0.04651162790697681
1620,0.04651162790697674
1621,0.04651162790697674
1622,0.04651162790697677
1623,0.04651162790697677
1624,0.04651162790697681
1625,0.04651162790697674
1626,0.04651162790697674
1627,0.04651162790697674
1628,0.04651162790697674
1629,0.04651162790697674
1630,0.04651162790697674
1631,0.04651162790697682
1632,0.04651162790697674
1633,0.04651162790697677
1634,0.046511627906976806
1635,0.04651162790697682
1636,0.046511627906976806
1637,0.046511627906976806
1638,0.04651162790697677
1639,0.04651162790697677
1640,0.04651162790697674
1641,0.04651162790697674
1642,0.04651162790697681
1643,0.04651162790697674
1644,0.04651162790697674
1645,0.04651162790697677
1646,0.04651162790697674
1647,0.04651162790697674
1648,0.04651162790697677
1649,0.04651162790697674
1650,0.04651162790697674
1651,0.04651162790697674
1652,0.04651162790697674
1653,0.04651162790697674
1654,0.04651162790697674
1655,0.04651162790697674
1656,0.04651162790697674
1657,0.04651162790697674
1658,0.04651162790697674
1659,0.04651162790697681
1660,0.04651162790697681
1661,0.04651162790697677
1662,0.04651162790697674
1663,0.04651162790697677
1664,0.04651162790697677
1665,0.04651162790697677
1666,0.04651162790697682
1667,0.04651162790697681
1668,0.04651162790697682
1669,0.04651162790697681
1670,0.04651162790697677
1671,0.04651162790697674
1672,0.04651162790697674
1673,0.04651162790697677
1674,0.04651162790697682
1675,0.04651162790697682
1676,0.04651162790697682
1677,0.04651162790697677
1678,0.04651162790697677
1679,0.04651162790697677
1680,0.04651162790697674
1681,0.04651162790697674
1682,0.04651162790697674
1683,0.04651162790697674
1684,0.04651162790697674
1685,0.04651162790697681
1686,0.04651162790697674
1687,0.04651162790697681
1688,0.04651162790697674
1689,0.04651162790697674
1690,0.04651162790697674
1691,0.04651162790697674
1692,0.04651162790697674
1693,0.04651162790697674
1694,0.04651162790697674
1695,0.04651162790697674
1696,0.04651162790697674
1697,0.04651162790697674
1698,0.04651162790697674
1699,0.04651162790697674
1700,0.04651162790697682
1701,0.04651162790697682
1702,0.046511627906976806
1703,0.046511627906976806
1704,0.04651162790697674
1705,0.04651162790697681
1706,0.046511627906976806
1707,0.046511627906976806
1708,0.04651162790697681
1709,0.046511627906976806
1710,0.04651162790697681
1711,0.046511627906976806
1712,0.04651162790697681
1713,0.04651162790697681
1714,0.04651162790697674
1715,0.04651162790697681
1716,0.04651162790697681
1717,0.04651162790697681
1718,0.04651162790697681
1719,0.04651162790697681
1720,0.04651162790697681
1721,0.04651162790697682
1722,0.046511627906976806
1723,0.046511627906976806
1724,0.04651162790697682
1725,0.04651162790697682
1726,0.04651162790697682
1727,0.04651162790697682
1728,0.046511627906976806
1729,0.046511627906976806
1730,0.04651162790697681
1731,0.04651162790697682
1732,0.04651162790697682
1733,0.04651162790697681
1734,0.046511627906976806
1735,0.04651162790697682
1736,0.046511627906976806
1737,0.04651162790697682
1738,0.04651162790697674
1739,0.046511627906976806
1740,0.04651162790697677
1741,0.04651162790697674
1742,0.04651162790697674
1743,0.04651162790697674
1744,0.04651162790697681
1745,0.04651162790697674
1746,0.04651162790697674
1747,0.04651162790697674
1748,0.04651162790697674
1749,0.04651162790697674
1750,0.04651162790697674
1751,0.04651162790697681
1752,0.04651162790697677
1753,0.04651162790697674
1754,0.04651162790697677
1755,0.04651162790697674
1756,0.04651162790697682
1757,0.04651162790697682
1758,0.04651162790697677
1759,0.04651162790697682
1760,0.046511627906976806
1761,0.046511627906976806
1762,0.04651162790697682
1763,0.046511627906976806
1764,0.04651162790697682
1765,0.04651162790697682
1766,0.04651162790697682
1767,0.04651162790697682
1768,0.04651162790697682
1769,0.04651162790697682
1770,0.04651162790697681
1771,0.04651162790697682
1772,0.04651162790697682
1773,0.04651162790697682
1774,0.04651162790697682
1775,0.04651162790697682
1776,0.04651162790697682
1777,0.046511627906976806
1778,0.04651162790697682
1779,0.04651162790697682
1780,0.04651162790697681
1781,0.04651162790697682
1782,0.04651162790697682
1783,0.04651162790697682
1784,0.04651162790697681
1785,0.046511627906976806
1786,0.04651162790697682
1787,0.046511627906976806
1788,0.04651162790697674
1789,0.046511627906976806
1790,0.04651162790697681
1791,0.04651162790697674
1792,0.046511627906976806
1793,0.04651162790697682
1794,0.04651162790697674
1795,0.04651162790697682
1796,0.046511627906976806
1797,0.04651162790697682
1798,0.04651162790697682
1799,0.046511627906976806
1800,0.04651162790697674
1801,0.04651162790697674
1802,0.04651162790697681
1803,0.04651162790697674
1804,0.04651162790697681
1805,0.04651162790697674
1806,0.04651162790697681
1807,0.04651162790697674
1808,0.04651162790697674
1809,0.04651162790697674
1810,0.04651162790697674
1811,0.04651162790697674
1812,0.04651162790697674
1813,0.04651162790697674
1814,0.04651162790697674
1815,0.04651162790697674
1816,0.04651162790697674
1817,0.04651162790697674
1818,0.04651162790697674
1819,0.04651162790697674
1820,0.04651162790697681
1821,0.04651162790697674
1822,0.04651162790697674
1823,0.04651162790697674
1824,0.04651162790697674
1825,0.04651162790697681
1826,0.04651162790697674
1827,0.04651162790697674
1828,0.04651162790697674
1829,0.04651162790697674
1830,0.04651162790697674
1831,0.04651162790697674
1832,0.04651162790697674
1833,0.04651162790697674
1834,0.04651162790697674
1835,0.04651162790697674
1836,0.04651162790697674
1837,0.04651162790697674
1838,0.04651162790697674
1839,0.04651162790697674
1840,0.04651162790697682
1841,0.04651162790697674
1842,0.04651162790697674
1843,0.04651162790697682
1844,0.046511627906976806
1845,0.046511627906976806
1846,0.04651162790697677
1847,0.046511627906976806
1848,0.04651162790697682
1849,0.04651162790697674
1850,0.04651162790697682
1851,0.04651162790697682
1852,0.04651162790697682
1853,0.04651162790697682
1854,0.04651162790697682
1855,0.04651162790697681
1856,0.04651162790697674
1857,0.046511627906976806
1858,0.04651162790697682
1859,0.04651162790697674
1860,0.04651162790697674
1861,0.04651162790697674
1862,0.04651162790697674
1863,0.04651162790697674
1864,0.04651162790697674
1865,0.04651162790697674
1866,0.04651162790697674
1867,0.04651162790697674
1868,0.04651162790697674
1869,0.04651162790697674
1870,0.04651162790697674
1871,0.04651162790697674
1872,0.04651162790697674
1873,0.04651162790697674
1874,0.04651162790697674
1875,0.04651162790697674
1876,0.04651162790697681
1877,0.04651162790697681
1878,0.04651162790697674
1879,0.04651162790697674
1880,0.04651162790697674
1881,0.04651162790697674
1882,0.04651162790697681
1883,0.04651162790697681
1884,0.04651162790697681
1885,0.04651162790697674
1886,0.04651162790697674
1887,0.04651162790697674
1888,0.04651162790697674
1889,0.04651162790697674
1890,0.04651162790697681
1891,0.04651162790697681
1892,0.04651162790697674
1893,0.04651162790697681
1894,0.04651162790697674
1895,0.04651162790697681
1896,0.04651162790697674
1897,0.04651162790697681
1898,0.04651162790697674
1899,0.04651162790697674
1900,0.04651162790697674
1901,0.04651162790697674
1902,0.04651162790697674
1903,0.04651162790697674
1904,0.04651162790697674
1905,0.04651162790697674
1906,0.04651162790697681
1907,0.04651162790697674
1908,0.04651162790697674
1909,0.04651162790697674
1910,0.04651162790697674
1911,0.04651162790697674
1912,0.04651162790697674
1913,0.04651162790697674
1914,0.04651162790697674
1915,0.04651162790697674
1916,0.04651162790697674
1917,0.04651162790697674
1918,0.04651162790697674
1919,0.04651162790697674
1920,0.04651162790697674
1921,0.04651162790697674
1922,0.04651162790697674
1923,0.04651162790697681
1924,0.04651162790697674
1925,0.04651162790697681
1926,0.04651162790697674
1927,0.04651162790697681
1928,0.04651162790697674
1929,0.04651162790697681
1930,0.04651162790697674
1931,0.04651162790697674
1932,0.04651162790697674
1933,0.04651162790697681
1934,0.04651162790697674
1935,0.04651162790697674
1936,0.04651162790697681
1937,0.04651162790697674
1938,0.04651162790697674
1939,0.04651162790697674
1940,0.04651162790697681
1941,0.04651162790697674
1942,0.04651162790697677
1943,0.04651162790697674
1944,0.04651162790697681
1945,0.04651162790697674
1946,0.04651162790697674
1947,0.04651162790697674
1948,0.04651162790697674
1949,0.04651162790697674
1950,0.04651162790697677
1951,0.04651162790697681
1952,0.04651162790697674
1953,0.04651162790697674
1954,0.04651162790697677
1955,0.04651162790697674
1956,0.04651162790697674
1957,0.04651162790697674
1958,0.04651162790697682
1959,0.04651162790697677
1960,0.04651162790697677
1961,0.04651162790697674
1962,0.04651162790697674
1963,0.04651162790697674
1964,0.04651162790697674
1965,0.04651162790697674
1966,0.04651162790697674
1967,0.04651162790697674
1968,0.04651162790697674
1969,0.04651162790697674
1970,0.04651162790697674
1971,0.04651162790697674
1972,0.04651162790697674
1973,0.04651162790697681
1974,0.04651162790697674
1975,0.04651162790697674
1976,0.04651162790697674
1977,0.04651162790697674
1978,0.04651162790697674
1979,0.04651162790697674
1980,0.04651162790697674
1981,0.04651162790697674
1982,0.04651162790697674
1983,0.04651162790697674
1984,0.04651162790697674
1985,0.04651162790697674
1986,0.04651162790697674
1987,0.04651162790697674
1988,0.04651162790697674
1989,0.04651162790697674
1990,0.04651162790697674
1991,0.04651162790697674
1992,0.04651162790697681
1993,0.04651162790697674
1994,0.04651162790697674
1995,0.04651162790697674
1996,0.04651162790697674
1997,0.04651162790697674
1998,0.04651162790697674
1999,0.04651162790697674
2000,0.04651162790697674
2001,0.04651162790697674
2002,0.04651162790697674
2003,0.04651162790697674
2004,0.04651162790697674
2005,0.04651162790697674
2006,0.04651162790697674
2007,0.04651162790697674
2008,0.04651162790697674
2009,0.04651162790697674
2010,0.04651162790697674
2011,0.04651162790697674
2012,0.04651162790697674
2013,0.04651162790697674
2014,0.04651162790697674
2015,0.04651162790697674
2016,0.04651162790697674
2017,0.04651162790697674
2018,0.04651162790697674
2019,0.04651162790697674
2020,0.04651162790697674
2021,0.04651162790697674
2022,0.04651162790697674
2023,0.04651162790697674
2024,0.04651162790697674
2025,0.04651162790697674
2026,0.04651162790697674
2027,0.04651162790697674
2028,0.04651162790697674
2029,0.04651162790697674
2030,0.04651162790697674
2031,0.04651162790697674
2032,0.04651162790697674
2033,0.04651162790697674
2034,0.04651162790697674
2035,0.04651162790697674
2036,0.04651162790697674
2037,0.04651162790697674
2038,0.04651162790697674
2039,0.04651162790697674
2040,0.04651162790697674
2041,0.04651162790697674
2042,0.04651162790697674
2043,0.04651162790697674
2044,0.04651162790697677
2045,0.04651162790697677
2046,0.04651162790697674
2047,0.04651162790697674
2048,0.04651162790697674
2049,0.04651162790697674
2050,0.04651162790697681
2051,0.04651162790697674
2052,0.04651162790697674
2053,0.04651162790697674
2054,0.04651162790697677
2055,0.04651162790697677
2056,0.04651162790697674
2057,0.04651162790697674
2058,0.04651162790697674
2059,0.04651162790697674
2060,0.04651162790697674
2061,0.04651162790697674
2062,0.04651162790697674
2063,0.04651162790697674
2064,0.04651162790697674
2065,0.04651162790697674
2066,0.04651162790697674
2067,0.04651162790697674
2068,0.04651162790697674
2069,0.04651162790697674
2070,0.04651162790697674
2071,0.04651162790697674
2072,0.04651162790697674
2073,0.04651162790697674
2074,0.04651162790697674
2075,0.04651162790697674
2076,0.04651162790697674
2077,0.04651162790697674
2078,0.04651162790697674
2079,0.04651162790697674
2080,0.04651162790697681
2081,0.04651162790697674
2082,0.04651162790697674
2083,0.04651162790697674
2084,0.04651162790697674
2085,0.04651162790697674
2086,0.04651162790697674
2087,0.04651162790697674
2088,0.04651162790697674
2089,0.04651162790697674
2090,0.04651162790697674
2091,0.04651162790697674
2092,0.04651162790697674
2093,0.04651162790697674
2094,0.04651162790697674
2095,0.04651162790697674
2096,0.04651162790697674
2097,0.04651162790697674
2098,0.04651162790697674
2099,0.04651162790697674
2100,0.04651162790697674
2101,0.04651162790697674
2102,0.04651162790697674
2103,0.04651162790697674
2104,0.04651162790697674
2105,0.04651162790697674
2106,0.04651162790697674
2107,0.04651162790697674
2108,0.04651162790697674
2109,0.04651162790697674
2110,0.04651162790697674
2111,0.04651162790697674
2112,0.04651162790697674
2113,0.04651162790697674
2114,0.04651162790697674
2115,0.04651162790697674
2116,0.04651162790697674
2117,0.04651162790697674
2118,0.04651162790697674
2119,0.04651162790697674
2120,0.04651162790697674
2121,0.04651162790697674
2122,0.04651162790697677
2123,0.04651162790697674
2124,0.04651162790697674
2125,0.04651162790697674
2126,0.04651162790697674
2127,0.04651162790697674
2128,0.04651162790697674
2129,0.04651162790697674
2130,0.04651162790697674
2131,0.04651162790697674
2132,0.04651162790697674
2133,0.04651162790697674
2134,0.04651162790697674
2135,0.04651162790697674
2136,0.04651162790697674
2137,0.04651162790697674
2138,0.04651162790697674
2139,0.04651162790697681
2140,0.04651162790697681
2141,0.04651162790697681
2142,0.04651162790697674
2143,0.04651162790697674
2144,0.04651162790697681
2145,0.04651162790697674
2146,0.04651162790697674
2147,0.04651162790697681
2148,0.04651162790697674
2149,0.04651162790697674
2150,0.04651162790697674
2151,0.04651162790697674
2152,0.04651162790697674
2153,0.04651162790697674
2154,0.04651162790697674
2155,0.04651162790697674
2156,0.04651162790697674
2157,0.04651162790697674
2158,0.04651162790697681
2159,0.04651162790697681
2160,0.04651162790697674
2161,0.04651162790697674
2162,0.04651162790697674
2163,0.04651162790697674
2164,0.04651162790697674
2165,0.04651162790697674
2166,0.04651162790697674
2167,0.04651162790697674
2168,0.04651162790697674
2169,0.04651162790697674
2170,0.04651162790697674
2171,0.04651162790697674
2172,0.04651162790697674
2173,0.04651162790697674
2174,0.04651162790697674
2175,0.04651162790697674
2176,0.04651162790697677
2177,0.046511627906976806
2178,0.04651162790697681
2179,0.04651162790697674
2180,0.04651162790697674
2181,0.04651162790697674
2182,0.04651162790697674
2183,0.04651162790697674
2184,0.04651162790697674
2185,0.04651162790697674
2186,0.04651162790697674
2187,0.04651162790697674
2188,0.04651162790697674
2189,0.04651162790697674
2190,0.04651162790697674
2191,0.04651162790697674
2192,0.04651162790697674
2193,0.04651162790697674
2194,0.04651162790697674
2195,0.04651162790697674
2196,0.04651162790697674
2197,0.04651162790697674
2198,0.04651162790697674
2199,0.04651162790697682
2200,0.04651162790697674
2201,0.04651162790697674
2202,0.04651162790697674
2203,0.04651162790697674
2204,0.04651162790697674
2205,0.04651162790697674
2206,0.04651162790697682
2207,0.04651162790697677
2208,0.04651162790697682
2209,0.04651162790697681
2210,0.04651162790697677
2211,0.04651162790697674
2212,0.04651162790697674
2213,0.04651162790697674
2214,0.04651162790697674
2215,0.04651162790697677
2216,0.046511627906976806
2217,0.04651162790697674
2218,0.04651162790697674
2219,0.04651162790697681
2220,0.04651162790697681
2221,0.04651162790697674
2222,0.04651162790697674
2223,0.04651162790697674
2224,0.04651162790697674
2225,0.04651162790697674
2226,0.04651162790697674
2227,0.04651162790697674
2228,0.04651162790697674
2229,0.04651162790697674
2230,0.04651162790697674
2231,0.04651162790697674
2232,0.04651162790697674
2233,0.04651162790697674
2234,0.04651162790697674
2235,0.04651162790697674
2236,0.04651162790697674
2237,0.04651162790697674
2238,0.04651162790697674
2239,0.04651162790697681
2240,0.04651162790697674
2241,0.04651162790697677
2242,0.04651162790697677
2243,0.04651162790697674
2244,0.04651162790697682
2245,0.04651162790697682
2246,0.046511627906976806
2247,0.046511627906976806
2248,0.04651162790697677
2249,0.046511627906976806
2250,0.04651162790697682
2251,0.04651162790697681
2252,0.04651162790697678
2253,0.04651162790697682
2254,0.046511627906976806
2255,0.046511627906976806
2256,0.04651162790697682
2257,0.04651162790697677
2258,0.046511627906976806
2259,0.04651162790697674
2260,0.04651162790697681
2261,0.04651162790697674
2262,0.046511627906976806
2263,0.04651162790697674
2264,0.04651162790697677
2265,0.046511627906976806
2266,0.04651162790697674
2267,0.04651162790697674
2268,0.04651162790697682
2269,0.04651162790697677
2270,0.04651162790697674
2271,0.04651162790697682
2272,0.04651162790697677
2273,0.04651162790697677
2274,0.046511627906976806
2275,0.046511627906976806
2276,0.04651162790697674
2277,0.04651162790697674
2278,0.04651162790697674
2279,0.04651162790697674
2280,0.04651162790697674
2281,0.04651162790697674
2282,0.04651162790697674
2283,0.04651162790697674
2284,0.04651162790697674
2285,0.04651162790697674
2286,0.04651162790697674
2287,0.04651162790697674
2288,0.04651162790697674
2289,0.04651162790697674
2290,0.04651162790697681
2291,0.04651162790697674
2292,0.04651162790697674
2293,0.04651162790697674
2294,0.04651162790697674
2295,0.04651162790697674
2296,0.04651162790697682
2297,0.04651162790697681
2298,0.04651162790697681
2299,0.04651162790697681
2300,0.04651162790697674
2301,0.04651162790697674
2302,0.04651162790697674
2303,0.04651162790697674
2304,0.04651162790697681
2305,0.04651162790697674
2306,0.04651162790697674
2307,0.04651162790697681
2308,0.04651162790697674
2309,0.04651162790697674
2310,0.04651162790697674
2311,0.04651162790697674
2312,0.04651162790697674
2313,0.04651162790697674
2314,0.04651162790697674
2315,0.04651162790697674
2316,0.04651162790697674
2317,0.04651162790697674
2318,0.04651162790697674
2319,0.04651162790697681
2320,0.04651162790697682
2321,0.04651162790697682
2322,0.04651162790697677
2323,0.04651162790697681
2324,0.04651162790697674
2325,0.04651162790697674
2326,0.04651162790697674
2327,0.04651162790697681
2328,0.04651162790697674
2329,0.04651162790697674
2330,0.04651162790697674
2331,0.04651162790697674
2332,0.04651162790697674
2333,0.04651162790697674
2334,0.04651162790697674
2335,0.04651162790697674
2336,0.04651162790697677
2337,0.04651162790697674
2338,0.04651162790697681
2339,0.04651162790697681
2340,0.04651162790697674
2341,0.04651162790697674
2342,0.04651162790697674
2343,0.04651162790697674
2344,0.04651162790697674
2345,0.04651162790697674
2346,0.04651162790697674
2347,0.04651162790697681
2348,0.04651162790697674
2349,0.04651162790697674
2350,0.04651162790697681
2351,0.04651162790697674
2352,0.04651162790697674
2353,0.04651162790697674
2354,0.04651162790697674
2355,0.04651162790697674
2356,0.04651162790697674
2357,0.04651162790697674
2358,0.04651162790697674
2359,0.04651162790697674
2360,0.04651162790697674
2361,0.04651162790697674
2362,0.04651162790697674
2363,0.04651162790697674
2364,0.04651162790697674
2365,0.04651162790697674
2366,0.04651162790697674
2367,0.04651162790697681
2368,0.04651162790697674
2369,0.04651162790697674
2370,0.04651162790697674
2371,0.04651162790697674
2372,0.04651162790697674
2373,0.04651162790697674
2374,0.04651162790697674
2375,0.04651162790697674
2376,0.04651162790697674
2377,0.04651162790697674
2378,0.04651162790697674
2379,0.04651162790697674
2380,0.04651162790697674
2381,0.04651162790697674
2382,0.04651162790697674
2383,0.04651162790697674
2384,0.04651162790697674
2385,0.04651162790697674
2386,0.04651162790697674
2387,0.04651162790697674
2388,0.04651162790697674
2389,0.04651162790697674
2390,0.04651162790697674
2391,0.04651162790697674
2392,0.04651162790697674
2393,0.04651162790697674
2394,0.04651162790697681
2395,0.04651162790697674
2396,0.04651162790697674
2397,0.04651162790697674
2398,0.04651162790697674
2399,0.04651162790697677
2400,0.04651162790697681
2401,0.04651162790697674
2402,0.04651162790697674
2403,0.04651162790697674
2404,0.04651162790697674
2405,0.04651162790697674
2406,0.04651162790697674
2407,0.04651162790697674
2408,0.04651162790697681
2409,0.04651162790697674
2410,0.04651162790697674
2411,0.04651162790697674
2412,0.04651162790697674
2413,0.04651162790697674
2414,0.04651162790697674
2415,0.04651162790697674
2416,0.046511627906976806
2417,0.04651162790697678
2418,0.04651162790697681
2419,0.04651162790697674
2420,0.04651162790697674
2421,0.04651162790697674
2422,0.04651162790697674
2423,0.04651162790697674
2424,0.04651162790697674
2425,0.04651162790697674
2426,0.04651162790697674
2427,0.04651162790697674
2428,0.04651162790697674
2429,0.04651162790697681
2430,0.04651162790697674
2431,0.04651162790697681
2432,0.04651162790697674
2433,0.04651162790697674
2434,0.04651162790697674
2435,0.04651162790697674
2436,0.04651162790697674
2437,0.04651162790697674
2438,0.04651162790697674
2439,0.04651162790697674
2440,0.04651162790697674
2441,0.04651162790697681
2442,0.04651162790697674
2443,0.04651162790697674
2444,0.04651162790697674
2445,0.04651162790697674
2446,0.04651162790697681
2447,0.04651162790697674
2448,0.04651162790697674
2449,0.04651162790697674
2450,0.04651162790697681
2451,0.04651162790697674
2452,0.04651162790697674
2453,0.04651162790697681
2454,0.04651162790697681
2455,0.04651162790697674
2456,0.04651162790697674
2457,0.04651162790697681
2458,0.04651162790697674
2459,0.04651162790697674
2460,0.04651162790697677
2461,0.04651162790697674
2462,0.04651162790697674
2463,0.04651162790697674
2464,0.04651162790697681
2465,0.04651162790697674
2466,0.04651162790697674
2467,0.04651162790697681
2468,0.04651162790697674
2469,0.04651162790697674
2470,0.04651162790697681
2471,0.04651162790697674
2472,0.04651162790697674
2473,0.04651162790697674
2474,0.04651162790697674
2475,0.04651162790697674
2476,0.04651162790697674
2477,0.04651162790697674
2478,0.04651162790697674
2479,0.04651162790697674
2480,0.04651162790697682
2481,0.04651162790697681
2482,0.04651162790697682
2483,0.04651162790697682
2484,0.046511627906976806
2485,0.04651162790697682
2486,0.04651162790697682
2487,0.04651162790697682
2488,0.046511627906976806
2489,0.04651162790697682
2490,0.046511627906976806
2491,0.04651162790697682
2492,0.04651162790697682
2493,0.04651162790697682
2494,0.04651162790697682
2495,0.04651162790697682
2496,0.04651162790697681
2497,0.04651162790697682
2498,0.04651162790697681
2499,0.046511627906976806
2500,0.04651162790697681
2501,0.04651162790697677
2502,0.04651162790697674
2503,0.04651162790697677
2504,0.04651162790697677
2505,0.046511627906976806
2506,0.04651162790697682
2507,0.04651162790697677
2508,0.04651162790697682
2509,0.04651162790697674
2510,0.04651162790697682
2511,0.04651162790697674
2512,0.04651162790697674
2513,0.04651162790697674
2514,0.04651162790697677
2515,0.046511627906976806
2516,0.04651162790697681
2517,0.046511627906976806
2518,0.04651162790697677
2519,0.04651162790697681
2520,0.04651162790697681
2521,0.04651162790697674
2522,0.04651162790697674
2523,0.04651162790697674
2524,0.04651162790697674
2525,0.04651162790697674
2526,0.04651162790697674
2527,0.04651162790697674
2528,0.04651162790697674
2529,0.04651162790697677
2530,0.04651162790697674
2531,0.04651162790697681
2532,0.046511627906976806
2533,0.04651162790697677
2534,0.04651162790697681
2535,0.04651162790697674
2536,0.04651162790697674
2537,0.04651162790697681
2538,0.04651162790697674
2539,0.04651162790697674
2540,0.04651162790697674
2541,0.04651162790697674
2542,0.04651162790697674
2543,0.04651162790697674
2544,0.04651162790697674
2545,0.04651162790697674
2546,0.04651162790697674
2547,0.04651162790697674
2548,0.04651162790697674
2549,0.04651162790697674
2550,0.04651162790697674
2551,0.04651162790697681
2552,0.04651162790697674
2553,0.04651162790697674
2554,0.04651162790697674
2555,0.04651162790697674
2556,0.04651162790697674
2557,0.04651162790697674
2558,0.04651162790697674
2559,0.04651162790697674
2560,0.04651162790697681
2561,0.04651162790697674
2562,0.04651162790697674
2563,0.04651162790697674
2564,0.04651162790697674
2565,0.04651162790697674
2566,0.04651162790697674
2567,0.04651162790697674
2568,0.04651162790697674
2569,0.04651162790697674
2570,0.04651162790697674
2571,0.04651162790697674
2572,0.04651162790697674
2573,0.04651162790697674
2574,0.04651162790697674
2575,0.04651162790697674
2576,0.04651162790697674
2577,0.04651162790697674
2578,0.04651162790697674
2579,0.04651162790697674
2580,0.04651162790697674
2581,0.04651162790697674
2582,0.04651162790697674
2583,0.04651162790697674
2584,0.04651162790697674
2585,0.04651162790697674
2586,0.04651162790697674
2587,0.04651162790697674
2588,0.04651162790697674
2589,0.04651162790697681
2590,0.04651162790697681
2591,0.04651162790697674
2592,0.04651162790697674
2593,0.04651162790697674
2594,0.04651162790697674
2595,0.04651162790697674
2596,0.04651162790697674
2597,0.04651162790697674
2598,0.04651162790697674
2599,0.04651162790697681
2600,0.04651162790697674
2601,0.04651162790697674
2602,0.04651162790697674
2603,0.04651162790697674
2604,0.04651162790697674
2605,0.04651162790697674
2606,0.04651162790697674
2607,0.04651162790697674
2608,0.04651162790697674
2609,0.04651162790697674
2610,0.04651162790697674
2611,0.04651162790697674
2612,0.04651162790697674
2613,0.04651162790697682
2614,0.04651162790697681
2615,0.04651162790697681
2616,0.04651162790697674
2617,0.04651162790697674
2618,0.04651162790697674
2619,0.04651162790697674
2620,0.04651162790697674
2621,0.04651162790697674
2622,0.04651162790697674
2623,0.04651162790697674
2624,0.04651162790697674
2625,0.04651162790697674
2626,0.04651162790697674
2627,0.04651162790697674
2628,0.04651162790697674
2629,0.04651162790697674
2630,0.04651162790697674
2631,0.04651162790697674
2632,0.04651162790697674
2633,0.04651162790697674
2634,0.04651162790697674
2635,0.04651162790697674
2636,0.04651162790697674
2637,0.04651162790697674
2638,0.04651162790697674
2639,0.04651162790697674
2640,0.04651162790697674
2641,0.04651162790697674
2642,0.04651162790697674
2643,0.04651162790697674
2644,0.04651162790697674
2645,0.04651162790697674
2646,0.04651162790697674
2647,0.04651162790697674
2648,0.04651162790697674
2649,0.04651162790697674
2650,0.04651162790697674
2651,0.04651162790697674
2652,0.04651162790697674
2653,0.04651162790697674
2654,0.04651162790697674
2655,0.04651162790697674
2656,0.04651162790697674
2657,0.04651162790697674
2658,0.04651162790697677
2659,0.04651162790697674
2660,0.04651162790697681
2661,0.04651162790697674
2662,0.04651162790697678
2663,0.04651162790697681
2664,0.04651162790697674
2665,0.04651162790697681
2666,0.04651162790697681
2667,0.04651162790697677
2668,0.04651162790697681
2669,0.04651162790697672
2670,0.04651162790697681
2671,0.046511627906976806
2672,0.046511627906976806
2673,0.04651162790697672
2674,0.04651162790697672
2675,0.04651162790697672
2676,0.04651162790697672
2677,0.04651162790697672
2678,0.04651162790697672
2679,0.04651162790697672
2680,0.04651162790697681
2681,0.04651162790697681
2682,0.04651162790697674
2683,0.04651162790697674
2684,0.04651162790697674
2685,0.04651162790697681
2686,0.04651162790697674
2687,0.04651162790697674
2688,0.04651162790697674
2689,0.04651162790697681
2690,0.04651162790697674
2691,0.04651162790697674
2692,0.04651162790697674
2693,0.04651162790697674
2694,0.04651162790697674
2695,0.04651162790697681
2696,0.04651162790697681
2697,0.04651162790697681
2698,0.046511627906976806
2699,0.04651162790697674
